{"cameraMode":{"drawMode":0,"name":"Shaded","section":"Shading Mode"},"sceneLighting":false,"audioPlay":false,"sceneViewState":{"showFog":true,"showMaterialUpdate":true,"showSkybox":true,"showFlares":true,"showImageEffects":true,"showParticleSystems":true},"in2DMode":false,"pivot":{"x":0.30256524682044985,"y":4.401236534118652,"z":0.3527868390083313},"rotation":{"x":-0.03593800589442253,"y":0.05483534187078476,"z":-0.001974917482584715,"w":-0.9978464841842651},"size":15.284903526306153,"orthographic":false}